{
  "name": "zenbottx9000",
  "version": "1.0.0",
  "private": true,
  "scripts": {
    "dev": "next dev",
    "build": "next build",
    "start": "next start",
    "lint": "next lint",
    "type-check": "tsc --noEmit"
  },
  "dependencies": {
    "next": "14.2.5",
    "react": "^18.3.1",
    "react-dom": "^18.3.1",
    "typescript": "^5.5.4",
    "@types/node": "^20.14.11",
    "@types/react": "^18.3.3",
    "@types/react-dom": "^18.3.0",
    "tailwindcss": "^3.4.6",
    "autoprefixer": "^10.4.19",
    "postcss": "^8.4.40",
    "framer-motion": "^11.3.8",
    "zustand": "^4.5.4",
    "react-hook-form": "^7.52.1",
    "zod": "^3.23.8",
    "@hookform/resolvers": "^3.9.0",
    "@radix-ui/react-dialog": "^1.1.1",
    "@radix-ui/react-dropdown-menu": "^2.1.1",
    "@radix-ui/react-tooltip": "^1.1.2",
    "@radix-ui/react-switch": "^1.1.0",
    "@radix-ui/react-slider": "^1.2.0",
    "lucide-react": "^0.408.0",
    "react-markdown": "^9.0.1",
    "react-syntax-highlighter": "^15.5.0",
    "@types/react-syntax-highlighter": "^15.5.13",
    "cmdk": "^1.0.0",
    "class-variance-authority": "^0.7.0",
    "clsx": "^2.1.1",
    "tailwind-merge": "^2.4.0"
  },
  "devDependencies": {
    "eslint": "^8.57.0",
    "eslint-config-next": "14.2.5",
    "@tailwindcss/typography": "^0.5.13"
  }
}